Imagen|damages|parts|suggestions
563.jpg|[6]|[31]|[2]
746.jpg|[1, 2, 2, 6]|[12, 33, 3, 10]|[1, 2, 1, 2]
404.jpg|[1, 1]|[14, 38]|[1, 1]
295.jpg|[5]|[33]|[1]
817.jpg|[5, 5]|[33, 11]|[1, 1]
794.jpg|[1, 3, 5, 5]|[11, 7, 35, 33]|[1, 2, 1, 1]
793.jpg|[4, 6, 6]|[33, 10, 2]|[1, 2, 2]
860.jpg|[1, 1, 2, 2, 3, 6, 6]|[33, 24, 11, 3, 7, 9, 31]|[1, 1, 2, 2, 2, 2, 2]
482.jpg|[5]|[34]|[1]
881.jpg|[4]|[33]|[1]
428.jpg|[3]|[33]|[1]
769.jpg|[5, 5, 5]|[37, 25, 13]|[1, 1, 1]
715.jpg|[1, 1, 4, 4, 6]|[11, 3, 9, 15, 39]|[1, 1, 2, 2, 2]
278.jpg|[6]|[32]|[2]
821.jpg|[5, 6]|[34, 40]|[1, 1]
367.jpg|[1]|[36]|[1]
582.jpg|[1, 2]|[25, 36]|[1, 2]
621.jpg|[5]|[14]|[1]
623.jpg|[6]|[31]|[2]
709.jpg|[6]|[31]|[2]
1057.jpg|[1, 6]|[33, 16]|[1, 2]
850.jpg|[1]|[37]|[1]
82.jpg|[6]|[31]|[2]
552.jpg|[2, 6]|[3, 31]|[1, 2]
920.jpg|[5]|[33]|[1]
1132.jpg|[5]|[33]|[1]
361.jpg|[5]|[33]|[1]
857.jpg|[5]|[13]|[1]
700.jpg|[5]|[33]|[1]
654.jpg|[5]|[34]|[1]
134.jpg|[5]|[32]|[1]
448.jpg|[5]|[33]|[1]
496.jpg|[5]|[33]|[1]
965.jpg|[5]|[33]|[1]
446.jpg|[1, 5]|[37, 13]|[1, 1]
322.jpg|[5, 6]|[33, 40]|[1, 1]
291.jpg|[5]|[33]|[1]
625.jpg|[1, 1, 3, 6]|[33, 3, 11, 9]|[1, 1, 2, 2]
576.jpg|[1]|[33]|[1]
457.jpg|[1, 1, 6]|[11, 35, 40]|[1, 1, 1]
332.jpg|[1, 1]|[36, 25]|[1, 1]
352.jpg|[1]|[13]|[1]
787.jpg|[6]|[19]|[2]
473.jpg|[1, 1, 1]|[37, 13, 25]|[1, 1, 1]
348.jpg|[1]|[12]|[2]
79.jpg|[2, 2]|[36, 38]|[1, 1]
961.jpg|[1]|[25]|[1]
668.jpg|[6]|[31]|[2]
618.jpg|[5]|[33]|[1]
936.jpg|[1]|[33]|[1]
753.jpg|[1, 1, 6, 6]|[11, 3, 33, 9]|[1, 1, 1, 2]
370.jpg|[4, 5]|[34, 21]|[1, 1]
837.jpg|[1, 2, 2, 6]|[3, 12, 33, 10]|[1, 1, 2, 2]
534.jpg|[5, 5]|[33, 12]|[1, 1]
445.jpg|[6]|[10]|[2]
9.jpg|[2, 2, 6, 6, 6]|[3, 12, 31, 9, 15]|[1, 1, 2, 2, 2]
286.jpg|[6]|[31]|[2]
264.jpg|[1]|[12]|[1]
420.jpg|[5, 6]|[34, 19]|[1, 2]
645.jpg|[6]|[31]|[2]
858.jpg|[1, 1, 1, 3, 5]|[36, 12, 25, 16, 38]|[1, 1, 1, 2, 1]
927.jpg|[5]|[38]|[1]
339.jpg|[1, 2, 6]|[13, 34, 19]|[1, 2, 2]
902.jpg|[1, 6]|[21, 34]|[1, 1]
1011.jpg|[5]|[33]|[1]
181.jpg|[6]|[31]|[2]
1136.jpg|[1, 2, 2]|[14, 38, 25]|[1, 2, 1]
1019.jpg|[5]|[14]|[1]
512.jpg|[6]|[40]|[1]
806.jpg|[5]|[33]|[1]
1046.jpg|[1, 6, 6]|[11, 7, 15]|[1, 2, 2]
996.jpg|[3, 6]|[33, 31]|[2, 2]
555.jpg|[1, 2, 6]|[12, 33, 40]|[1, 1, 2]
631.jpg|[5]|[34]|[1]
1106.jpg|[6]|[9]|[2]
57.jpg|[1, 1]|[35, 37]|[1, 1]
312.jpg|[1]|[34]|[1]
791.jpg|[5, 5]|[35, 11]|[1, 1]
1024.jpg|[1]|[36]|[1]
209.jpg|[5]|[34]|[1]
387.jpg|[1]|[34]|[1]
192.jpg|[1]|[34]|[1]
1050.jpg|[6]|[40]|[1]
285.jpg|[1]|[34]|[1]
905.jpg|[6]|[32]|[2]
91.jpg|[6]|[31]|[2]
158.jpg|[3, 6]|[33, 9]|[1, 2]
542.jpg|[6, 6]|[16, 33]|[2, 1]
528.jpg|[1, 1, 6]|[33, 12, 10]|[1, 1, 2]
1100.jpg|[1, 1, 6]|[33, 12, 10]|[1, 1, 2]
580.jpg|[5, 5]|[13, 37]|[1, 1]
1083.jpg|[5, 5]|[34, 14]|[1, 1]
1058.jpg|[6]|[31]|[2]
814.jpg|[5]|[33]|[1]
789.jpg|[1, 1, 4, 6]|[11, 3, 33, 9]|[1, 1, 1, 2]
605.jpg|[1]|[34]|[1]
487.jpg|[1, 1]|[38, 14]|[1, 1]
513.jpg|[1]|[3]|[1]
391.jpg|[4]|[34]|[1]
243.jpg|[6]|[47]|[2]
223.jpg|[5]|[35]|[1]
492.jpg|[1, 2]|[35, 11]|[1, 1]
1028.jpg|[1]|[13]|[1]
596.jpg|[1, 6]|[34, 20]|[1, 2]
1125.jpg|[5, 5]|[11, 35]|[1, 1]
591.jpg|[5]|[33]|[1]
812.jpg|[2, 2, 2]|[36, 38, 25]|[2, 1, 1]
241.jpg|[1, 1, 2, 6]|[33, 3, 11, 9]|[1, 1, 2, 2]
14.jpg|[1]|[34]|[1]
405.jpg|[1, 5]|[13, 37]|[1, 1]
840.jpg|[1, 5]|[12, 33]|[2, 2]
503.jpg|[6]|[10]|[2]
180.jpg|[6]|[10]|[2]
384.jpg|[6]|[33]|[2]
1095.jpg|[6]|[47]|[2]
323.jpg|[1]|[34]|[1]
218.jpg|[1]|[14]|[1]
58.jpg|[5]|[11]|[1]
971.jpg|[1, 4, 6]|[13, 37, 22]|[1, 1, 1]
602.jpg|[2, 2, 2, 6]|[33, 11, 3, 9]|[2, 1, 1, 2]
1060.jpg|[5]|[38]|[1]
102.jpg|[4]|[34]|[1]
187.jpg|[4]|[33]|[1]
386.jpg|[6]|[10]|[2]
1102.jpg|[3, 6, 6, 6]|[33, 32, 9, 11]|[2, 2, 2, 2]
434.jpg|[6]|[20]|[2]
424.jpg|[6]|[40]|[1]
595.jpg|[6]|[48]|[2]
670.jpg|[5]|[34]|[1]
725.jpg|[1, 6]|[11, 15]|[1, 2]
1062.jpg|[3, 6, 6, 6, 6]|[39, 33, 9, 10, 31]|[1, 1, 2, 2, 2]
250.jpg|[1, 5]|[12, 33]|[1, 1]
409.jpg|[2, 6, 6]|[11, 33, 9]|[2, 1, 2]
1038.jpg|[2, 6, 6]|[12, 33, 10]|[1, 2, 2]
896.jpg|[5]|[33]|[1]
345.jpg|[1, 1]|[38, 25]|[1, 1]
849.jpg|[1, 6]|[33, 2]|[1, 2]
239.jpg|[1, 6]|[12, 10]|[1, 2]
140.jpg|[6]|[31]|[2]
59.jpg|[6]|[31]|[2]
619.jpg|[1, 1]|[34, 13]|[1, 1]
792.jpg|[6]|[40]|[1]
6.jpg|[5]|[34]|[1]
7.jpg|[6]|[31]|[2]
16.jpg|[1]|[11]|[1]
587.jpg|[5]|[34]|[1]
442.jpg|[1, 3, 6]|[3, 33, 9]|[1, 1, 2]
1138.jpg|[5]|[34]|[1]
1121.jpg|[1, 1]|[12, 12]|[1, 1]
122.jpg|[1, 1, 2, 6]|[33, 11, 3, 9]|[1, 1, 1, 2]
529.jpg|[1, 1, 2]|[36, 14, 25]|[1, 1, 1]
548.jpg|[6]|[40]|[1]
459.jpg|[1, 1]|[14, 38]|[1, 1]
92.jpg|[2, 6]|[34, 20]|[1, 2]
820.jpg|[6]|[40]|[1]
408.jpg|[6]|[40]|[1]
1099.jpg|[1, 1, 2]|[25, 38, 36]|[1, 1, 2]
522.jpg|[3, 5, 6]|[33, 33, 40]|[1, 1, 1]
52.jpg|[1]|[33]|[1]
300.jpg|[1]|[36]|[1]
710.jpg|[6]|[31]|[2]
282.jpg|[6]|[40]|[1]
698.jpg|[1, 6]|[13, 19]|[1, 1]
462.jpg|[6]|[9]|[2]
629.jpg|[2, 5, 6]|[11, 33, 9]|[1, 1, 2]
1135.jpg|[4]|[33]|[1]
254.jpg|[1, 1]|[12, 33]|[1, 1]
733.jpg|[6]|[31]|[2]
108.jpg|[4]|[33]|[1]
569.jpg|[5, 5]|[34, 14]|[1, 1]
184.jpg|[6]|[31]|[2]
1112.jpg|[1, 3, 6]|[12, 33, 10]|[1, 1, 2]
672.jpg|[1]|[33]|[1]
200.jpg|[5]|[34]|[1]
946.jpg|[6]|[31]|[2]
614.jpg|[5]|[14]|[1]
648.jpg|[1, 1]|[37, 13]|[1, 1]
289.jpg|[5]|[33]|[1]
547.jpg|[5]|[33]|[1]
1031.jpg|[6]|[40]|[2]
258.jpg|[1, 3, 6]|[13, 34, 19]|[1, 1, 2]
39.jpg|[5]|[33]|[1]
1139.jpg|[1]|[21]|[1]
937.jpg|[4]|[34]|[1]
281.jpg|[1, 1]|[34, 13]|[1, 1]
502.jpg|[5]|[34]|[1]
663.jpg|[2, 5, 6]|[3, 39, 9]|[1, 1, 2]
249.jpg|[5, 5]|[33, 12]|[1, 1]
467.jpg|[5]|[33]|[1]
382.jpg|[6]|[40]|[1]
773.jpg|[5]|[36]|[1]
538.jpg|[1, 1, 6]|[33, 11, 15]|[1, 1, 2]
879.jpg|[5]|[34]|[1]
775.jpg|[6]|[31]|[1]
679.jpg|[6]|[32]|[2]
331.jpg|[1]|[33]|[1]
205.jpg|[2]|[36]|[2]
662.jpg|[6]|[20]|[2]
669.jpg|[5]|[34]|[1]
99.jpg|[6]|[31]|[2]
45.jpg|[1]|[38]|[1]
561.jpg|[2, 6]|[3, 31]|[2, 2]
191.jpg|[1]|[34]|[1]
215.jpg|[1]|[36]|[1]
956.jpg|[6]|[20]|[2]
1071.jpg|[6]|[19]|[2]
983.jpg|[6]|[20]|[2]
681.jpg|[1]|[14]|[1]
225.jpg|[5]|[33]|[1]
489.jpg|[6]|[32]|[2]
118.jpg|[5]|[33]|[1]
1068.jpg|[1, 3]|[11, 27]|[1, 2]
664.jpg|[5, 5]|[33, 12]|[1, 1]
899.jpg|[5]|[34]|[1]
1018.jpg|[5]|[14]|[1]
632.jpg|[1, 6, 6]|[21, 34, 20]|[1, 1, 2]
895.jpg|[5, 5]|[13, 37]|[1, 1]
374.jpg|[1, 1, 6]|[34, 14, 20]|[1, 1, 2]
114.jpg|[1]|[33]|[1]
84.jpg|[2, 6]|[12, 40]|[1, 1]
524.jpg|[6]|[40]|[1]
505.jpg|[6]|[31]|[2]
452.jpg|[5]|[33]|[1]
556.jpg|[5, 5]|[14, 38]|[1, 1]
760.jpg|[6]|[31]|[2]
1005.jpg|[1]|[34]|[1]
506.jpg|[3, 6]|[34, 20]|[1, 2]
261.jpg|[1]|[38]|[1]
1043.jpg|[5]|[33]|[1]
930.jpg|[5]|[33]|[1]
731.jpg|[6]|[31]|[2]
1086.jpg|[1, 1, 6]|[12, 33, 10]|[1, 1, 2]
741.jpg|[1, 1, 1, 6]|[34, 21, 13, 19]|[1, 1, 1, 2]
170.jpg|[6]|[31]|[2]
121.jpg|[6]|[10]|[2]
647.jpg|[1, 1, 1]|[12, 36, 25]|[1, 1, 1]
137.jpg|[6]|[33]|[1]
443.jpg|[5, 6]|[33, 40]|[1, 1]
1013.jpg|[1]|[25]|[1]
51.jpg|[6]|[40]|[1]
823.jpg|[1, 6, 6]|[3, 10, 33]|[1, 2, 1]
1081.jpg|[5]|[33]|[1]
579.jpg|[1]|[34]|[1]
907.jpg|[1]|[36]|[1]
713.jpg|[4, 4]|[33, 10]|[1, 2]
490.jpg|[1, 1, 2, 6]|[34, 14, 21, 20]|[1, 1, 1, 2]
678.jpg|[1]|[11]|[1]
600.jpg|[5]|[13]|[1]
31.jpg|[5]|[33]|[1]
385.jpg|[6]|[31]|[2]
113.jpg|[6, 6, 6]|[10, 33, 2]|[2, 1, 2]
389.jpg|[5]|[14]|[1]
924.jpg|[1, 1, 6]|[12, 36, 40]|[1, 1, 1]
263.jpg|[1, 1, 1]|[37, 35, 25]|[1, 1, 1]
342.jpg|[6]|[40]|[1]
797.jpg|[6]|[32]|[2]
967.jpg|[1]|[12]|[1]
852.jpg|[5]|[33]|[1]
234.jpg|[6]|[20]|[2]
1006.jpg|[5]|[13]|[1]
189.jpg|[5]|[33]|[1]
372.jpg|[6]|[40]|[1]
1079.jpg|[5, 6]|[34, 19]|[1, 2]
962.jpg|[1]|[25]|[1]
744.jpg|[6]|[40]|[1]
880.jpg|[1]|[12]|[1]
304.jpg|[5]|[33]|[1]
106.jpg|[1, 1, 2]|[11, 25, 35]|[1, 1, 1]
194.jpg|[1]|[35]|[1]
862.jpg|[1, 6]|[24, 31]|[1, 2]
1055.jpg|[1, 2]|[36, 38]|[1, 2]
564.jpg|[6]|[31]|[2]
151.jpg|[1]|[12]|[1]
892.jpg|[6]|[40]|[1]
25.jpg|[2]|[11]|[1]
966.jpg|[6]|[31]|[2]
869.jpg|[1, 5, 6]|[12, 33, 10]|[1, 1, 2]
54.jpg|[5]|[12]|[1]
8.jpg|[6]|[31]|[2]
762.jpg|[1, 2, 2, 6]|[3, 11, 33, 9]|[1, 2, 2, 2]
1078.jpg|[6]|[40]|[1]
877.jpg|[5]|[33]|[1]
873.jpg|[1]|[38]|[1]
430.jpg|[6]|[31]|[2]
515.jpg|[1, 1, 4, 6]|[11, 3, 33, 9]|[1, 1, 1, 2]
712.jpg|[5]|[33]|[1]
988.jpg|[6]|[33]|[2]
237.jpg|[6]|[40]|[1]
293.jpg|[1, 1]|[33, 12]|[1, 1]
479.jpg|[5]|[37]|[1]
717.jpg|[4]|[34]|[1]
211.jpg|[1, 3]|[33, 11]|[1, 1]
504.jpg|[6]|[9]|[2]
774.jpg|[5]|[34]|[1]
128.jpg|[1, 1, 1, 6]|[12, 33, 3, 10]|[1, 1, 1, 2]
12.jpg|[6]|[9]|[2]
336.jpg|[6]|[34]|[2]
456.jpg|[5, 5]|[12, 36]|[1, 1]
1094.jpg|[5]|[12]|[1]
368.jpg|[1, 1, 5, 6]|[11, 3, 33, 9]|[1, 1, 1, 2]
527.jpg|[1, 1]|[34, 14]|[1, 1]
807.jpg|[5]|[34]|[1]
626.jpg|[5]|[33]|[1]
861.jpg|[1]|[34]|[1]
319.jpg|[1]|[33]|[1]
270.jpg|[6]|[32]|[2]
421.jpg|[6]|[34]|[1]
461.jpg|[1, 1, 6, 6]|[33, 3, 10, 39]|[1, 1, 2, 2]
70.jpg|[6]|[9]|[2]
299.jpg|[5, 6]|[34, 20]|[1, 2]
557.jpg|[5]|[33]|[1]
977.jpg|[1, 6]|[13, 19]|[1, 2]
890.jpg|[1, 3, 5]|[33, 12, 10]|[1, 2, 1]
267.jpg|[6, 6]|[10, 33]|[2, 2]
330.jpg|[1]|[11]|[1]
438.jpg|[1, 5]|[13, 37]|[1, 1]
49.jpg|[6]|[48]|[2]
677.jpg|[1, 1, 1, 1, 3, 3]|[14, 38, 36, 25, 30, 28]|[1, 1, 1, 1, 2, 2]
696.jpg|[5]|[13]|[1]
604.jpg|[1]|[33]|[1]
782.jpg|[1, 2, 2, 2]|[13, 37, 35, 29]|[1, 1, 1, 2]
13.jpg|[6]|[10]|[2]
830.jpg|[5]|[12]|[1]
297.jpg|[1, 1]|[11, 3]|[1, 1]
296.jpg|[5]|[35]|[1]
37.jpg|[6]|[33]|[1]
912.jpg|[6]|[31]|[2]
198.jpg|[1, 1]|[11, 33]|[1, 1]
406.jpg|[1, 6]|[34, 19]|[1, 2]
402.jpg|[1]|[32]|[1]
97.jpg|[1, 2, 4, 6]|[12, 3, 39, 33]|[1, 1, 2, 1]
87.jpg|[5]|[11]|[1]
697.jpg|[5]|[33]|[1]
1124.jpg|[6, 6]|[9, 33]|[2, 1]
788.jpg|[1]|[13]|[1]
1049.jpg|[6]|[31]|[2]
993.jpg|[5]|[33]|[1]
637.jpg|[5]|[14]|[1]
536.jpg|[6, 6, 6]|[11, 9, 33]|[2, 2, 1]
179.jpg|[5]|[33]|[1]
690.jpg|[1, 1]|[14, 38]|[1, 1]
651.jpg|[1, 5, 6]|[12, 33, 10]|[1, 1, 2]
652.jpg|[6]|[40]|[1]
1027.jpg|[6]|[31]|[2]
968.jpg|[1]|[14]|[1]
89.jpg|[1]|[11]|[1]
499.jpg|[1]|[34]|[1]
979.jpg|[5]|[14]|[1]
691.jpg|[6]|[40]|[1]
611.jpg|[1]|[3]|[1]
923.jpg|[1, 1]|[33, 12]|[1, 1]
173.jpg|[2, 6, 6, 6]|[3, 33, 10, 39]|[2, 2, 2, 2]
172.jpg|[1]|[34]|[1]
835.jpg|[1, 1, 1]|[37, 13, 25]|[1, 1, 1]
671.jpg|[1, 5]|[12, 33]|[1, 1]
266.jpg|[6]|[52]|[2]
913.jpg|[6]|[31]|[2]
695.jpg|[6]|[31]|[2]
73.jpg|[1, 6]|[3, 31]|[1, 2]
1030.jpg|[5]|[33]|[1]
1126.jpg|[1, 1]|[43, 24]|[1, 1]
453.jpg|[5]|[33]|[1]
415.jpg|[2, 6, 6]|[11, 9, 33]|[2, 2, 1]
1003.jpg|[3, 5]|[33, 9]|[2, 2]
30.jpg|[1, 2, 4, 6]|[3, 11, 33, 9]|[1, 1, 1, 2]
498.jpg|[5]|[34]|[1]
238.jpg|[5]|[13]|[1]
156.jpg|[6]|[40]|[1]
124.jpg|[6]|[46]|[2]
1101.jpg|[6]|[32]|[2]
226.jpg|[6]|[9]|[2]
964.jpg|[2, 4, 6]|[13, 34, 20]|[1, 1, 2]
1110.jpg|[1, 4]|[13, 34]|[1, 1]
659.jpg|[1, 3]|[13, 34]|[1, 1]
77.jpg|[5]|[34]|[1]
247.jpg|[6]|[31]|[2]
213.jpg|[2]|[36]|[2]
643.jpg|[5]|[34]|[1]
1033.jpg|[1, 1, 6, 6]|[33, 11, 9, 40]|[1, 1, 2, 2]
127.jpg|[6]|[31]|[2]
1048.jpg|[1, 1, 3, 6]|[12, 25, 36, 40]|[1, 1, 2, 1]
418.jpg|[6]|[31]|[2]
570.jpg|[6]|[32]|[2]
575.jpg|[5]|[34]|[1]
980.jpg|[1, 6]|[14, 32]|[1, 1]
1036.jpg|[6]|[40]|[1]
222.jpg|[1]|[36]|[1]
201.jpg|[5]|[33]|[1]
240.jpg|[1, 6]|[14, 40]|[1, 1]
509.jpg|[6]|[31]|[2]
809.jpg|[4]|[33]|[1]
298.jpg|[5]|[33]|[1]
1076.jpg|[6]|[40]|[1]
26.jpg|[6, 6, 6]|[9, 11, 33]|[2, 1, 1]
335.jpg|[5]|[34]|[1]
24.jpg|[6]|[40]|[2]
535.jpg|[5]|[33]|[1]
994.jpg|[6]|[33]|[1]
168.jpg|[1]|[34]|[1]
119.jpg|[5]|[34]|[1]
358.jpg|[1, 6]|[34, 18]|[1, 2]
450.jpg|[1, 1]|[35, 37]|[1, 1]
761.jpg|[1]|[33]|[1]
485.jpg|[6]|[31]|[2]
483.jpg|[1, 1]|[36, 12]|[1, 1]
351.jpg|[5]|[34]|[1]
854.jpg|[1]|[36]|[1]
431.jpg|[5]|[36]|[1]
798.jpg|[1, 6]|[34, 19]|[1, 2]
523.jpg|[1, 5]|[25, 36]|[1, 1]
906.jpg|[1, 5]|[33, 12]|[1, 1]
356.jpg|[6]|[20]|[2]
975.jpg|[5]|[33]|[1]
991.jpg|[5]|[34]|[2]
610.jpg|[2]|[33]|[2]
675.jpg|[1, 1]|[11, 33]|[1, 1]
115.jpg|[6]|[31]|[2]
1074.jpg|[2, 6]|[12, 10]|[2, 2]
491.jpg|[6]|[19]|[2]
166.jpg|[5]|[11]|[1]
594.jpg|[2, 3]|[12, 33]|[1, 1]
228.jpg|[5]|[36]|[1]
472.jpg|[6]|[31]|[2]
46.jpg|[1, 5]|[11, 33]|[1, 1]
805.jpg|[6]|[31]|[2]
1104.jpg|[6]|[31]|[2]
111.jpg|[5, 5]|[33, 11]|[1, 1]
1117.jpg|[5, 6]|[33, 9]|[1, 2]
116.jpg|[6, 6]|[20, 34]|[2, 2]
634.jpg|[6]|[40]|[1]
682.jpg|[1]|[13]|[1]
256.jpg|[1]|[14]|[1]
301.jpg|[6]|[19]|[2]
155.jpg|[1]|[14]|[1]
727.jpg|[5]|[34]|[1]
176.jpg|[2, 3, 3, 3]|[3, 12, 33, 39]|[2, 2, 2, 2]
588.jpg|[1]|[21]|[1]
627.jpg|[3, 6]|[7, 31]|[2, 2]
665.jpg|[3, 6]|[8, 31]|[2, 2]
963.jpg|[1, 1, 1]|[37, 27, 25]|[1, 1, 1]
676.jpg|[5]|[34]|[1]
801.jpg|[1, 1, 2, 3, 3]|[36, 38, 28, 23, 30]|[1, 1, 2, 2, 2]
729.jpg|[5]|[34]|[1]
146.jpg|[5]|[14]|[1]
383.jpg|[4]|[33]|[1]
1109.jpg|[6, 6]|[9, 33]|[2, 1]
589.jpg|[6, 6, 6]|[33, 40, 2]|[1, 1, 2]
1092.jpg|[5]|[33]|[1]
197.jpg|[6]|[31]|[2]
369.jpg|[1, 1, 6]|[33, 3, 10]|[1, 1, 2]
633.jpg|[3, 6]|[33, 40]|[2, 2]
916.jpg|[4, 4]|[33, 9]|[1, 2]
1032.jpg|[6]|[46]|[2]
734.jpg|[5]|[34]|[1]
609.jpg|[6]|[19]|[2]
343.jpg|[1]|[14]|[1]
169.jpg|[1]|[21]|[1]
444.jpg|[5]|[33]|[1]
1122.jpg|[1]|[34]|[1]
105.jpg|[6]|[45]|[2]
244.jpg|[1]|[11]|[1]
871.jpg|[1]|[3]|[1]
1085.jpg|[5]|[33]|[1]
939.jpg|[1, 1]|[38, 14]|[1, 1]
466.jpg|[1]|[34]|[1]
274.jpg|[6, 6, 6]|[40, 11, 33]|[2, 2, 1]
376.jpg|[1, 4]|[11, 33]|[1, 1]
497.jpg|[5]|[34]|[1]
1069.jpg|[1, 6]|[33, 9]|[1, 2]
540.jpg|[5]|[33]|[1]
268.jpg|[6]|[19]|[2]
126.jpg|[2]|[3]|[2]
171.jpg|[6]|[46]|[2]
1000.jpg|[5]|[33]|[1]
1098.jpg|[6]|[31]|[2]
399.jpg|[6]|[31]|[2]
133.jpg|[5]|[34]|[1]
350.jpg|[5, 5]|[35, 25]|[1, 1]
723.jpg|[6]|[31]|[2]
730.jpg|[6]|[40]|[2]
272.jpg|[6]|[31]|[2]
229.jpg|[1, 3, 6]|[12, 33, 40]|[1, 1, 1]
639.jpg|[6]|[33]|[1]
573.jpg|[5]|[33]|[1]
302.jpg|[6]|[33]|[2]
836.jpg|[1, 1, 5]|[35, 37, 25]|[1, 1, 1]
407.jpg|[1, 6]|[21, 34]|[1, 1]
886.jpg|[1, 1]|[36, 38]|[1, 1]
305.jpg|[5]|[33]|[1]
818.jpg|[2]|[25]|[1]
1097.jpg|[5]|[33]|[1]
553.jpg|[6]|[20]|[2]
779.jpg|[1]|[34]|[1]
853.jpg|[4, 6]|[33, 9]|[1, 2]
1089.jpg|[6, 6]|[9, 33]|[2, 1]
400.jpg|[6]|[31]|[2]
1021.jpg|[6]|[34]|[1]
451.jpg|[6]|[31]|[2]
123.jpg|[1]|[11]|[1]
65.jpg|[1, 1]|[12, 33]|[1, 1]
394.jpg|[5, 6]|[34, 23]|[1, 2]
174.jpg|[1, 5, 6]|[12, 33, 40]|[1, 1, 1]
955.jpg|[6]|[20]|[2]
447.jpg|[6]|[48]|[2]
768.jpg|[6]|[40]|[1]
559.jpg|[1, 5]|[12, 33]|[1, 1]
900.jpg|[1, 1, 6]|[21, 34, 20]|[1, 1, 2]
371.jpg|[5]|[34]|[1]
66.jpg|[6]|[31]|[2]
622.jpg|[1, 6]|[34, 19]|[1, 2]
260.jpg|[6]|[32]|[2]
918.jpg|[2, 3, 4, 4, 4]|[3, 39, 33, 10, 31]|[1, 2, 1, 2, 2]
721.jpg|[5]|[33]|[1]
103.jpg|[5]|[33]|[1]
728.jpg|[5]|[34]|[1]
876.jpg|[1]|[34]|[1]
80.jpg|[6]|[9]|[2]
182.jpg|[3, 5]|[33, 3]|[2, 1]
1072.jpg|[6]|[31]|[2]
599.jpg|[5]|[33]|[1]
1120.jpg|[1]|[33]|[1]
874.jpg|[6]|[31]|[2]
778.jpg|[1, 6]|[34, 20]|[1, 2]
699.jpg|[5]|[14]|[1]
702.jpg|[5]|[38]|[1]
520.jpg|[4, 6]|[14, 20]|[1, 2]
844.jpg|[1]|[35]|[1]
224.jpg|[6]|[31]|[2]
441.jpg|[1, 1, 1, 1]|[13, 37, 35, 25]|[1, 1, 1, 1]
257.jpg|[5]|[33]|[1]
190.jpg|[1]|[14]|[1]
396.jpg|[2, 2]|[34, 21]|[1, 1]
882.jpg|[5, 5]|[33, 11]|[1, 1]
236.jpg|[1]|[11]|[1]
1047.jpg|[5]|[34]|[1]
957.jpg|[1, 1, 4, 6, 6]|[11, 3, 33, 10, 1]|[1, 1, 1, 2, 2]
36.jpg|[6]|[40]|[1]
932.jpg|[1, 3]|[3, 11]|[1, 1]
429.jpg|[6]|[40]|[1]
1039.jpg|[5]|[34]|[1]
366.jpg|[1, 1, 2]|[37, 11, 35]|[1, 1, 2]
104.jpg|[5]|[34]|[1]
495.jpg|[5]|[34]|[1]
334.jpg|[1, 6]|[33, 9]|[1, 2]
76.jpg|[1]|[34]|[1]
650.jpg|[1, 1, 1, 6, 6, 6]|[12, 33, 36, 31, 10, 2]|[1, 1, 1, 2, 2, 2]
214.jpg|[6]|[20]|[2]
1015.jpg|[1, 1]|[34, 21]|[1, 1]
349.jpg|[1]|[34]|[1]
584.jpg|[3, 5, 6]|[12, 3, 31]|[2, 1, 2]
859.jpg|[6]|[40]|[1]
252.jpg|[1]|[38]|[1]
43.jpg|[5]|[33]|[1]
217.jpg|[5]|[34]|[1]
1118.jpg|[5, 5]|[12, 38]|[1, 1]
235.jpg|[1]|[33]|[1]
754.jpg|[1, 1]|[11, 33]|[1, 1]
815.jpg|[5]|[33]|[1]
27.jpg|[6]|[40]|[1]
1127.jpg|[1, 1, 5]|[11, 11, 33]|[1, 1, 1]
810.jpg|[5]|[33]|[1]
294.jpg|[6]|[40]|[1]
949.jpg|[4]|[12]|[1]
1113.jpg|[5]|[34]|[1]
380.jpg|[1, 1, 1, 6]|[33, 12, 3, 10]|[1, 1, 1, 2]
129.jpg|[6]|[33]|[1]
868.jpg|[1, 6]|[14, 20]|[1, 2]
533.jpg|[1, 1, 6, 6]|[12, 3, 10, 33]|[1, 1, 2, 2]
958.jpg|[3, 6]|[31, 33]|[2, 2]
107.jpg|[6]|[40]|[1]
493.jpg|[4]|[33]|[1]
28.jpg|[5, 5]|[36, 12]|[1, 1]
432.jpg|[2, 2]|[38, 14]|[2, 1]
292.jpg|[1, 5]|[11, 33]|[1, 1]
1088.jpg|[2, 3, 6]|[12, 33, 10]|[1, 2, 2]
969.jpg|[5]|[33]|[1]
458.jpg|[1, 1, 1]|[14, 38, 25]|[1, 1, 1]
756.jpg|[1, 1, 1, 6]|[12, 33, 36, 10]|[1, 1, 1, 2]
193.jpg|[5]|[33]|[1]
68.jpg|[6]|[31]|[2]
1037.jpg|[6]|[32]|[2]
1066.jpg|[1, 1, 6]|[43, 24, 31]|[1, 1, 2]
1123.jpg|[1]|[34]|[1]
150.jpg|[5]|[33]|[1]
1020.jpg|[6]|[31]|[2]
974.jpg|[6]|[19]|[2]
875.jpg|[1]|[34]|[1]
917.jpg|[4, 5]|[20, 21]|[2, 1]
1051.jpg|[5]|[34]|[1]
433.jpg|[6]|[47]|[2]
940.jpg|[6]|[31]|[2]
460.jpg|[1, 2, 6]|[11, 35, 9]|[1, 2, 2]
317.jpg|[1, 2, 3]|[12, 36, 16]|[1, 2, 2]
922.jpg|[5]|[33]|[1]
1065.jpg|[5]|[33]|[1]
607.jpg|[5]|[8]|[1]
765.jpg|[1, 1]|[3, 33]|[1, 1]
848.jpg|[6]|[31]|[2]
357.jpg|[2]|[36]|[2]
771.jpg|[1]|[37]|[1]
755.jpg|[4]|[34]|[1]
1052.jpg|[1, 1, 6]|[34, 21, 20]|[1, 1, 2]
64.jpg|[1]|[12]|[1]
1063.jpg|[6]|[31]|[2]
69.jpg|[5]|[34]|[1]
23.jpg|[1]|[33]|[1]
1130.jpg|[5]|[34]|[1]
47.jpg|[6]|[40]|[1]
526.jpg|[5, 6, 6]|[25, 37, 35]|[1, 2, 1]
998.jpg|[1]|[35]|[1]
738.jpg|[6]|[40]|[1]
646.jpg|[1, 1]|[11, 33]|[1, 1]
86.jpg|[5]|[33]|[1]
960.jpg|[1]|[36]|[1]
1067.jpg|[6]|[31]|[2]
978.jpg|[5, 5]|[13, 37]|[1, 1]
455.jpg|[6]|[31]|[2]
480.jpg|[6]|[31]|[2]
915.jpg|[4]|[33]|[1]
990.jpg|[6]|[50]|[2]
1002.jpg|[1]|[11]|[1]
147.jpg|[6]|[31]|[2]
568.jpg|[6]|[31]|[2]
732.jpg|[6]|[40]|[1]
1009.jpg|[5]|[33]|[1]
1128.jpg|[5]|[11]|[1]
242.jpg|[1, 1, 1, 1]|[34, 13, 37, 25]|[1, 1, 1, 1]
1111.jpg|[1]|[34]|[1]
109.jpg|[1, 1]|[14, 25]|[1, 1]
